MFS-1	MFS-1	0
MFS-10	MFS-10	0
MFS-100	MFS-100	0
MFS-101	MFS-101	0
MFS-102	MFS-102	0
MFS-103	MFS-103	0
MFS-104	MFS-104	0
MFS-105	MFS-105	0
MFS-106	MFS-106	0
MFS-107	MFS-107	0
MFS-108	MFS-108	0
MFS-109	MFS-109	0
MFS-11	MFS-11	0
MFS-110	MFS-110	0
MFS-111	MFS-111	0
MFS-112	MFS-112	0
MFS-113	MFS-113	0
MFS-114	MFS-114	0
MFS-115	MFS-115	0
MFS-116	MFS-116	0
MFS-117	MFS-117	0
MFS-118	MFS-118	0
MFS-119	MFS-119	0
MFS-12	MFS-12	0
MFS-120	MFS-120	0
MFS-121	MFS-121	0
MFS-122	MFS-122	0
MFS-123	MFS-123	0
MFS-124	MFS-124	0
MFS-125	MFS-125	0
MFS-126	MFS-126	0
MFS-127	MFS-127	0
MFS-128	MFS-128	0
MFS-129	MFS-129	0
MFS-13	MFS-13	0
MFS-130	MFS-130	0
MFS-131	MFS-131	0
MFS-132	MFS-132	0
MFS-133	MFS-133	0
MFS-134	MFS-134	0
MFS-135	MFS-135	0
MFS-136	MFS-136	0
MFS-137	MFS-137	0
MFS-138	MFS-138	0
MFS-139	MFS-139	0
MFS-14	MFS-14	0
MFS-140	MFS-140	0
MFS-141	MFS-141	0
MFS-142	MFS-142	0
MFS-143	MFS-143	0
MFS-144	MFS-144	0
MFS-145	MFS-145	0
MFS-146	MFS-146	0
MFS-147	MFS-147	0
MFS-148	MFS-148	0
MFS-149	MFS-149	0
MFS-15	MFS-15	0
MFS-150	MFS-150	0
MFS-151	MFS-151	0
MFS-152	MFS-152	0
MFS-153	MFS-153	0
MFS-154	MFS-154	0
MFS-155	MFS-155	0
MFS-156	MFS-156	0
MFS-157	MFS-157	0
MFS-158	MFS-158	0
MFS-159	MFS-159	0
MFS-16	MFS-16	0
MFS-160	MFS-160	0
MFS-161	MFS-161	0
MFS-162	MFS-162	0
MFS-163	MFS-163	0
MFS-164	MFS-164	0
MFS-165	MFS-165	0
MFS-166	MFS-166	0
MFS-167	MFS-167	0
MFS-168	MFS-168	0
MFS-169	MFS-169	0
MFS-17	MFS-17	0
MFS-170	MFS-170	0
MFS-171	MFS-171	0
MFS-172	MFS-172	0
MFS-173	MFS-173	0
MFS-174	MFS-174	0
MFS-175	MFS-175	0
MFS-176	MFS-176	0
MFS-177	MFS-177	0
MFS-178	MFS-178	0
MFS-179	MFS-179	0
MFS-18	MFS-18	0
MFS-180	MFS-180	0
MFS-181	MFS-181	0
MFS-182	MFS-182	0
MFS-183	MFS-183	0
MFS-184	MFS-184	0
MFS-185	MFS-185	0
MFS-186	MFS-186	0
MFS-187	MFS-187	0
MFS-188	MFS-188	0
MFS-189	MFS-189	0
MFS-19	MFS-19	0
MFS-190	MFS-190	0
MFS-191	MFS-191	0
MFS-194	MFS-194	0
MFS-198	MFS-198	0
MFS-199	MFS-199	0
MFS-2	MFS-2	0
MFS-20	MFS-20	0
MFS-21	MFS-21	0
MFS-22	MFS-22	0
MFS-23	MFS-23	0
MFS-24	MFS-24	0
MFS-25	MFS-25	0
MFS-258	MFS-258	0
MFS-259	MFS-259	0
MFS-26	MFS-26	0
MFS-260	MFS-260	0
MFS-261	MFS-261	0
MFS-262	MFS-262	0
MFS-263	MFS-263	0
MFS-264	MFS-264	0
MFS-265	MFS-265	0
MFS-266	MFS-266	0
MFS-267	MFS-267	0
MFS-268	MFS-268	0
MFS-269	MFS-269	0
MFS-27	MFS-27	0
MFS-270	MFS-270	0
MFS-271	MFS-271	0
MFS-272	MFS-272	0
MFS-273	MFS-273	0
MFS-274	MFS-274	0
MFS-275	MFS-275	0
MFS-276	MFS-276	0
MFS-277	MFS-277	0
MFS-278	MFS-278	0
MFS-279	MFS-279	0
MFS-28	MFS-28	0
MFS-280	MFS-280	0
MFS-281	MFS-281	0
MFS-282	MFS-282	0
MFS-283	MFS-283	0
MFS-284	MFS-284	0
MFS-285	MFS-285	0
MFS-286	MFS-286	0
MFS-287	MFS-287	0
MFS-288	MFS-288	0
MFS-289	MFS-289	0
MFS-29	MFS-29	0
MFS-290	MFS-290	0
MFS-291	MFS-291	0
MFS-292	MFS-292	0
MFS-293	MFS-293	0
MFS-294	MFS-294	0
MFS-295	MFS-295	0
MFS-296	MFS-296	0
MFS-297	MFS-297	0
MFS-298	MFS-298	0
MFS-299	MFS-299	0
MFS-3	MFS-3	0
MFS-30	MFS-30	0
MFS-300	MFS-300	0
MFS-301	MFS-301	0
MFS-302	MFS-302	0
MFS-303	MFS-303	0
MFS-304	MFS-304	0
MFS-305	MFS-305	0
MFS-306	MFS-306	0
MFS-307	MFS-307	0
MFS-308	MFS-308	0
MFS-309	MFS-309	0
MFS-31	MFS-31	0
MFS-310	MFS-310	0
MFS-311	MFS-311	0
MFS-312	MFS-312	0
MFS-313	MFS-313	0
MFS-314	MFS-314	0
MFS-315	MFS-315	0
MFS-316	MFS-316	0
MFS-317	MFS-317	0
MFS-318	MFS-318	0
MFS-319	MFS-319	0
MFS-32	MFS-32	0
MFS-320	MFS-320	0
MFS-321	MFS-321	0
MFS-322	MFS-322	0
MFS-323	MFS-323	0
MFS-324	MFS-324	0
MFS-325	MFS-325	0
MFS-326	MFS-326	0
MFS-327	MFS-327	0
MFS-328	MFS-328	0
MFS-329	MFS-329	0
MFS-33	MFS-33	0
MFS-330	MFS-330	0
MFS-331	MFS-331	0
MFS-332	MFS-332	0
MFS-333	MFS-333	0
MFS-334	MFS-334	0
MFS-335	MFS-335	0
MFS-336	MFS-336	0
MFS-337	MFS-337	0
MFS-338	MFS-338	0
MFS-339	MFS-339	0
MFS-34	MFS-34	0
MFS-340	MFS-340	0
MFS-341	MFS-341	0
MFS-342	MFS-342	0
MFS-343	MFS-343	0
MFS-344	MFS-344	0
MFS-345	MFS-345	0
MFS-346	MFS-346	0
MFS-347	MFS-347	0
MFS-348	MFS-348	0
MFS-349	MFS-349	0
MFS-35	MFS-35	0
MFS-350	MFS-350	0
MFS-351	MFS-351	0
MFS-353	MFS-353	0
MFS-354	MFS-354	0
MFS-355	MFS-355	0
MFS-356	MFS-356	0
MFS-357	MFS-357	0
MFS-358	MFS-358	0
MFS-359	MFS-359	0
MFS-36	MFS-36	0
MFS-360	MFS-360	0
MFS-361	MFS-361	0
MFS-362	MFS-362	0
MFS-363	MFS-363	0
MFS-364	MFS-364	0
MFS-365	MFS-365	0
MFS-366	MFS-366	0
MFS-367	MFS-367	0
MFS-368	MFS-368	0
MFS-369	MFS-369	0
MFS-37	MFS-37	0
MFS-370	MFS-370	0
MFS-371	MFS-371	0
MFS-372	MFS-372	0
MFS-373	MFS-373	0
MFS-374	MFS-374	0
MFS-375	MFS-375	0
MFS-377	MFS-377	0
MFS-38	MFS-38	0
MFS-381	MFS-381	0
MFS-382	MFS-382	0
MFS-383	MFS-383	0
MFS-385	MFS-385	0
MFS-387	MFS-387	0
MFS-388	MFS-388	0
MFS-389	MFS-389	0
MFS-39	MFS-39	0
MFS-390	MFS-390	0
MFS-391	MFS-391	0
MFS-392	MFS-392	0
MFS-393	MFS-393	0
MFS-394	MFS-394	0
MFS-395	MFS-395	0
MFS-396	MFS-396	0
MFS-397	MFS-397	0
MFS-398	MFS-398	0
MFS-399	MFS-399	0
MFS-4	MFS-4	0
MFS-40	MFS-40	0
MFS-400	MFS-400	0
MFS-401	MFS-401	0
MFS-402	MFS-402	0
MFS-403	MFS-403	0
MFS-404	MFS-404	0
MFS-405	MFS-405	0
MFS-406	MFS-406	0
MFS-407	MFS-407	0
MFS-408	MFS-408	0
MFS-409	MFS-409	0
MFS-41	MFS-41	0
MFS-410	MFS-410	0
MFS-411	MFS-411	0
MFS-412	MFS-412	0
MFS-413	MFS-413	0
MFS-414	MFS-414	0
MFS-415	MFS-415	0
MFS-416	MFS-416	0
MFS-417	MFS-417	0
MFS-418	MFS-418	0
MFS-419	MFS-419	0
MFS-42	MFS-42	0
MFS-420	MFS-420	0
MFS-421	MFS-421	0
MFS-422	MFS-422	0
MFS-423	MFS-423	0
MFS-424	MFS-424	0
MFS-425	MFS-425	0
MFS-426	MFS-426	0
MFS-427	MFS-427	0
MFS-428	MFS-428	0
MFS-429	MFS-429	0
MFS-43	MFS-43	0
MFS-430	MFS-430	0
MFS-431	MFS-431	0
MFS-432	MFS-432	0
MFS-433	MFS-433	0
MFS-434	MFS-434	0
MFS-435	MFS-435	0
MFS-436	MFS-436	0
MFS-437	MFS-437	0
MFS-438	MFS-438	0
MFS-439	MFS-439	0
MFS-44	MFS-44	0
MFS-440	MFS-440	0
MFS-441	MFS-441	0
MFS-442	MFS-442	0
MFS-443	MFS-443	0
MFS-444	MFS-444	0
MFS-445	MFS-445	0
MFS-446	MFS-446	0
MFS-447	MFS-447	0
MFS-448	MFS-448	0
MFS-449	MFS-449	0
MFS-45	MFS-45	0
MFS-450	MFS-450	0
MFS-451	MFS-451	0
MFS-452	MFS-452	0
MFS-453	MFS-453	0
MFS-454	MFS-454	0
MFS-455	MFS-455	0
MFS-456	MFS-456	0
MFS-457	MFS-457	0
MFS-458	MFS-458	0
MFS-459	MFS-459	0
MFS-46	MFS-46	0
MFS-460	MFS-460	0
MFS-461	MFS-461	0
MFS-462	MFS-462	0
MFS-463	MFS-463	0
MFS-464	MFS-464	0
MFS-465	MFS-465	0
MFS-466	MFS-466	0
MFS-467	MFS-467	0
MFS-468	MFS-468	0
MFS-469	MFS-469	0
MFS-47	MFS-47	0
MFS-470	MFS-470	0
MFS-471	MFS-471	0
MFS-472	MFS-472	0
MFS-473	MFS-473	0
MFS-474	MFS-474	0
MFS-475	MFS-475	0
MFS-476	MFS-476	0
MFS-477	MFS-477	0
MFS-478	MFS-478	0
MFS-479	MFS-479	0
MFS-48	MFS-48	0
MFS-480	MFS-480	0
MFS-481	MFS-481	0
MFS-482	MFS-482	0
MFS-483	MFS-483	0
MFS-484	MFS-484	0
MFS-485	MFS-485	0
MFS-486	MFS-486	0
MFS-487	MFS-487	0
MFS-488	MFS-488	0
MFS-489	MFS-489	0
MFS-49	MFS-49	0
MFS-490	MFS-490	0
MFS-491	MFS-491	0
MFS-492	MFS-492	0
MFS-493	MFS-493	0
MFS-494	MFS-494	0
MFS-495	MFS-495	0
MFS-496	MFS-496	0
MFS-497	MFS-497	0
MFS-498	MFS-498	0
MFS-499	MFS-499	0
MFS-5	MFS-5	0
MFS-50	MFS-50	0
MFS-500	MFS-500	0
MFS-501	MFS-501	0
MFS-502	MFS-502	0
MFS-503	MFS-503	0
MFS-504	MFS-504	0
MFS-505	MFS-505	0
MFS-506	MFS-506	0
MFS-507	MFS-507	0
MFS-508	MFS-508	0
MFS-509	MFS-509	0
MFS-51	MFS-51	0
MFS-510	MFS-510	0
MFS-511	MFS-511	0
MFS-512	MFS-512	0
MFS-513	MFS-513	0
MFS-514	MFS-514	0
MFS-515	MFS-515	0
MFS-516	MFS-516	0
MFS-517	MFS-517	0
MFS-518	MFS-518	0
MFS-519	MFS-519	0
MFS-52	MFS-52	0
MFS-520	MFS-520	0
MFS-521	MFS-521	0
MFS-522	MFS-522	0
MFS-523	MFS-523	0
MFS-524	MFS-524	0
MFS-525	MFS-525	0
MFS-526	MFS-526	0
MFS-527	MFS-527	0
MFS-528	MFS-528	0
MFS-529	MFS-529	0
MFS-53	MFS-53	0
MFS-530	MFS-530	0
MFS-531	MFS-531	0
MFS-532	MFS-532	0
MFS-533	MFS-533	0
MFS-534	MFS-534	0
MFS-535	MFS-535	0
MFS-536	MFS-536	0
MFS-537	MFS-537	0
MFS-538	MFS-538	0
MFS-539	MFS-539	0
MFS-54	MFS-54	0
MFS-540	MFS-540	0
MFS-541	MFS-541	0
MFS-542	MFS-542	0
MFS-543	MFS-543	0
MFS-544	MFS-544	0
MFS-545	MFS-545	0
MFS-546	MFS-546	0
MFS-547	MFS-547	0
MFS-548	MFS-548	0
MFS-549	MFS-549	0
MFS-55	MFS-55	0
MFS-550	MFS-550	0
MFS-551	MFS-551	0
MFS-552	MFS-552	0
MFS-553	MFS-553	0
MFS-554	MFS-554	0
MFS-555	MFS-555	0
MFS-556	MFS-556	0
MFS-557	MFS-557	0
MFS-558	MFS-558	0
MFS-559	MFS-559	0
MFS-56	MFS-56	0
MFS-560	MFS-560	0
MFS-561	MFS-561	0
MFS-563	MFS-563	0
MFS-564	MFS-564	0
MFS-566	MFS-566	0
MFS-57	MFS-57	0
MFS-571	MFS-571	0
MFS-572	MFS-572	0
MFS-573	MFS-573	0
MFS-574	MFS-574	0
MFS-575	MFS-575	0
MFS-576	MFS-576	0
MFS-577	MFS-577	0
MFS-578	MFS-578	0
MFS-579	MFS-579	0
MFS-58	MFS-58	0
MFS-580	MFS-580	0
MFS-581	MFS-581	0
MFS-582	MFS-582	0
MFS-583	MFS-583	0
MFS-584	MFS-584	0
MFS-585	MFS-585	0
MFS-586	MFS-586	0
MFS-587	MFS-587	0
MFS-588	MFS-588	0
MFS-589	MFS-589	0
MFS-59	MFS-59	0
MFS-590	MFS-590	0
MFS-591	MFS-591	0
MFS-592	MFS-592	0
MFS-593	MFS-593	0
MFS-594	MFS-594	0
MFS-595	MFS-595	0
MFS-596	MFS-596	0
MFS-597	MFS-597	0
MFS-598	MFS-598	0
MFS-599	MFS-599	0
MFS-6	MFS-6	0
MFS-60	MFS-60	0
MFS-600	MFS-600	0
MFS-601	MFS-601	0
MFS-602	MFS-602	0
MFS-603	MFS-603	0
MFS-604	MFS-604	0
MFS-605	MFS-605	0
MFS-606	MFS-606	0
MFS-607	MFS-607	0
MFS-608	MFS-608	0
MFS-609	MFS-609	0
MFS-61	MFS-61	0
MFS-610	MFS-610	0
MFS-611	MFS-611	0
MFS-612	MFS-612	0
MFS-613	MFS-613	0
MFS-614	MFS-614	0
MFS-615	MFS-615	0
MFS-616	MFS-616	0
MFS-617	MFS-617	0
MFS-618	MFS-618	0
MFS-619	MFS-619	0
MFS-62	MFS-62	0
MFS-620	MFS-620	0
MFS-621	MFS-621	0
MFS-622	MFS-622	0
MFS-623	MFS-623	0
MFS-624	MFS-624	0
MFS-625	MFS-625	0
MFS-626	MFS-626	0
MFS-627	MFS-627	0
MFS-628	MFS-628	0
MFS-629	MFS-629	0
MFS-63	MFS-63	0
MFS-630	MFS-630	0
MFS-631	MFS-631	0
MFS-632	MFS-632	0
MFS-633	MFS-633	0
MFS-634	MFS-634	0
MFS-635	MFS-635	0
MFS-636	MFS-636	0
MFS-637	MFS-637	0
MFS-638	MFS-638	0
MFS-639	MFS-639	0
MFS-64	MFS-64	0
MFS-640	MFS-640	0
MFS-641	MFS-641	0
MFS-642	MFS-642	0
MFS-643	MFS-643	0
MFS-644	MFS-644	0
MFS-645	MFS-645	0
MFS-646	MFS-646	0
MFS-647	MFS-647	0
MFS-648	MFS-648	0
MFS-649	MFS-649	0
MFS-65	MFS-65	0
MFS-650	MFS-650	0
MFS-651	MFS-651	0
MFS-652	MFS-652	0
MFS-654	MFS-654	0
MFS-655	MFS-655	0
MFS-656	MFS-656	0
MFS-657	MFS-657	0
MFS-658	MFS-658	0
MFS-659	MFS-659	0
MFS-66	MFS-66	0
MFS-660	MFS-660	0
MFS-662	MFS-662	0
MFS-663	MFS-663	0
MFS-664	MFS-664	0
MFS-665	MFS-665	0
MFS-667	MFS-667	0
MFS-668	MFS-668	0
MFS-669	MFS-669	0
MFS-67	MFS-67	0
MFS-670	MFS-670	0
MFS-671	MFS-671	0
MFS-672	MFS-672	0
MFS-673	MFS-673	0
MFS-674	MFS-674	0
MFS-675	MFS-675	0
MFS-676	MFS-676	0
MFS-677	MFS-677	0
MFS-678	MFS-678	0
MFS-68	MFS-68	0
MFS-681	MFS-681	0
MFS-682	MFS-682	0
MFS-683	MFS-683	0
MFS-684	MFS-684	0
MFS-685	MFS-685	0
MFS-686	MFS-686	0
MFS-687	MFS-687	0
MFS-688	MFS-688	0
MFS-689	MFS-689	0
MFS-69	MFS-69	0
MFS-690	MFS-690	0
MFS-691	MFS-691	0
MFS-692	MFS-692	0
MFS-693	MFS-693	0
MFS-694	MFS-694	0
MFS-695	MFS-695	0
MFS-696	MFS-696	0
MFS-697	MFS-697	0
MFS-698	MFS-698	0
MFS-699	MFS-699	0
MFS-7	MFS-7	0
MFS-70	MFS-70	0
MFS-700	MFS-700	0
MFS-701	MFS-701	0
MFS-702	MFS-702	0
MFS-703	MFS-703	0
MFS-704	MFS-704	0
MFS-705	MFS-705	0
MFS-706	MFS-706	0
MFS-707	MFS-707	0
MFS-708	MFS-708	0
MFS-709	MFS-709	0
MFS-71	MFS-71	0
MFS-710	MFS-710	0
MFS-711	MFS-711	0
MFS-713	MFS-713	0
MFS-714	MFS-714	0
MFS-715	MFS-715	0
MFS-716	MFS-716	0
MFS-717	MFS-717	0
MFS-72	MFS-72	0
MFS-73	MFS-73	0
MFS-74	MFS-74	0
MFS-75	MFS-75	0
MFS-76	MFS-76	0
MFS-77	MFS-77	0
MFS-78	MFS-78	0
MFS-79	MFS-79	0
MFS-8	MFS-8	0
MFS-80	MFS-80	0
MFS-81	MFS-81	0
MFS-82	MFS-82	0
MFS-83	MFS-83	0
MFS-84	MFS-84	0
MFS-85	MFS-85	0
MFS-86	MFS-86	0
MFS-87	MFS-87	0
MFS-88	MFS-88	0
MFS-89	MFS-89	0
MFS-9	MFS-9	0
MFS-90	MFS-90	0
MFS-91	MFS-91	0
MFS-92	MFS-92	0
MFS-93	MFS-93	0
MFS-94	MFS-94	0
MFS-95	MFS-95	0
MFS-96	MFS-96	0
MFS-97	MFS-97	0
MFS-98	MFS-98	0
MFS-99	MFS-99	0
